method,schema_A,schema_B,top_k_table,top_k,matches,recall,mrr,map
LSH,OC_MYSQL,OC_ORACLE,3) ser_magneto,1,59,0.4444444444444444,0.08959614459614461,0.44
LSH,OC_MYSQL,OC_ORACLE,3) ser_magneto,2,118,0.7777777777777778,0.07318932884157037,0.62
LSH,OC_MYSQL,OC_ORACLE,3) ser_magneto,3,177,0.8518518518518519,0.06701483302706789,0.6466666666666666
LSH,OC_MYSQL,OC_ORACLE,3) ser_magneto,5,295,0.9629629629629629,0.05957090358459935,0.6706666666666666
LSH,OC_MYSQL,OC_ORACLE,3) ser_magneto,10,590,1.0,0.057193220084612924,0.6751111111111111
LSH,OC_MYSQL,OC_ORACLE,3) ser_magneto,20,1180,1.0,0.057148565890232046,0.6751111111111111
LSH,OC_MYSQL,OC_ORACLE,1) ser_schema,1,59,0.5555555555555556,0.20041273922781694,0.56
LSH,OC_MYSQL,OC_ORACLE,1) ser_schema,2,118,0.6296296296296297,0.17673183769158998,0.6
LSH,OC_MYSQL,OC_ORACLE,1) ser_schema,3,177,0.7037037037037037,0.15919950740356556,0.6266666666666666
LSH,OC_MYSQL,OC_ORACLE,1) ser_schema,5,295,0.8888888888888888,0.1275499358136539,0.6746666666666666
LSH,OC_MYSQL,OC_ORACLE,1) ser_schema,10,590,1.0,0.11375447844942335,0.6924444444444444
LSH,OC_MYSQL,OC_ORACLE,1) ser_schema,20,1180,1.0,0.11374792278620888,0.6924444444444444
LSH,OC_MYSQL,OC_ORACLE,2) ser_values,1,59,0.5925925925925926,0.18417026823688007,0.6
LSH,OC_MYSQL,OC_ORACLE,2) ser_values,2,118,0.6296296296296297,0.15970537783192257,0.62
LSH,OC_MYSQL,OC_ORACLE,2) ser_values,3,177,0.7037037037037037,0.14359229125707362,0.6466666666666666
LSH,OC_MYSQL,OC_ORACLE,2) ser_values,5,295,0.9629629629629629,0.10678077932769181,0.7166666666666666
LSH,OC_MYSQL,OC_ORACLE,2) ser_values,10,590,1.0,0.10273229445922066,0.7223809523809525
LSH,OC_MYSQL,OC_ORACLE,2) ser_values,20,1180,1.0,0.1026939389827182,0.7223809523809525
LSH,OC_MYSQL,OC_ORACLE,4) ser_reference,1,59,0.5925925925925926,0.18669909714898103,0.6
LSH,OC_MYSQL,OC_ORACLE,4) ser_reference,2,118,0.5925925925925926,0.17658991539506247,0.6
LSH,OC_MYSQL,OC_ORACLE,4) ser_reference,3,177,0.8148148148148148,0.13245381458513938,0.68
LSH,OC_MYSQL,OC_ORACLE,4) ser_reference,5,295,0.9259259259259259,0.11653682708782519,0.706
LSH,OC_MYSQL,OC_ORACLE,4) ser_reference,10,590,0.9629629629629629,0.11191523246718298,0.711
LSH,OC_MYSQL,OC_ORACLE,4) ser_reference,20,1180,0.9629629629629629,0.11187687111528039,0.711
LSH,TPCH_SF1,OC_ORACLE,3) ser_magneto,1,61,0.36,0.09118312554800195,0.375
LSH,TPCH_SF1,OC_ORACLE,3) ser_magneto,2,122,0.64,0.09482648450250751,0.5208333333333334
LSH,TPCH_SF1,OC_ORACLE,3) ser_magneto,3,183,0.72,0.08409808809039376,0.5416666666666666
LSH,TPCH_SF1,OC_ORACLE,3) ser_magneto,5,305,0.8,0.07565323350348799,0.5604166666666667
LSH,TPCH_SF1,OC_ORACLE,3) ser_magneto,10,610,0.96,0.06348434591853452,0.5827380952380953
LSH,TPCH_SF1,OC_ORACLE,3) ser_magneto,20,1220,1.0,0.06114352616771997,0.5862103174603175
LSH,TPCH_SF1,OC_ORACLE,1) ser_schema,1,61,0.4,0.26418831168831164,0.4166666666666667
LSH,TPCH_SF1,OC_ORACLE,1) ser_schema,2,122,0.6,0.17926959596949152,0.5208333333333334
LSH,TPCH_SF1,OC_ORACLE,1) ser_schema,3,183,0.76,0.14369237716659758,0.5763888888888888
LSH,TPCH_SF1,OC_ORACLE,1) ser_schema,5,305,0.8,0.13657031295757288,0.5868055555555555
LSH,TPCH_SF1,OC_ORACLE,1) ser_schema,10,610,0.96,0.11398500940662692,0.6070601851851851
LSH,TPCH_SF1,OC_ORACLE,1) ser_schema,20,1220,1.0,0.1094383999664026,0.610848063973064
LSH,TPCH_SF1,OC_ORACLE,2) ser_values,1,61,0.4,0.25507686757686754,0.4166666666666667
LSH,TPCH_SF1,OC_ORACLE,2) ser_values,2,122,0.6,0.1597149209648623,0.5104166666666666
LSH,TPCH_SF1,OC_ORACLE,2) ser_values,3,183,0.72,0.13494325931925172,0.5520833333333334
LSH,TPCH_SF1,OC_ORACLE,2) ser_values,5,305,0.88,0.11156042003097752,0.5916666666666667
LSH,TPCH_SF1,OC_ORACLE,2) ser_values,10,610,1.0,0.09814962148263966,0.6068783068783069
LSH,TPCH_SF1,OC_ORACLE,2) ser_values,20,1220,1.0,0.0980442780428946,0.6068783068783069
LSH,TPCH_SF1,OC_ORACLE,4) ser_reference,1,61,0.4,0.25289072039072036,0.4166666666666667
LSH,TPCH_SF1,OC_ORACLE,4) ser_reference,2,122,0.52,0.19118659269463406,0.4791666666666667
LSH,TPCH_SF1,OC_ORACLE,4) ser_reference,3,183,0.72,0.1417952029374838,0.5416666666666666
LSH,TPCH_SF1,OC_ORACLE,4) ser_reference,5,305,0.84,0.12079699555735016,0.5708333333333333
LSH,TPCH_SF1,OC_ORACLE,4) ser_reference,10,610,0.96,0.10543847205912948,0.587037037037037
LSH,TPCH_SF1,OC_ORACLE,4) ser_reference,20,1220,1.0,0.10120526820857335,0.5908249158249158
LSH,SAKILA,OC_ORACLE,3) ser_magneto,1,70,0.35714285714285715,0.19537569485477607,0.425
LSH,SAKILA,OC_ORACLE,3) ser_magneto,2,140,0.75,0.10795692916173616,0.6375
LSH,SAKILA,OC_ORACLE,3) ser_magneto,3,210,0.8571428571428571,0.09492009737356598,0.6875
LSH,SAKILA,OC_ORACLE,3) ser_magneto,5,350,1.0,0.08086953701675828,0.735
LSH,SAKILA,OC_ORACLE,3) ser_magneto,10,700,1.0,0.08059723502714936,0.735
LSH,SAKILA,OC_ORACLE,3) ser_magneto,20,1400,1.0,0.0803889937808806,0.735
LSH,SAKILA,OC_ORACLE,1) ser_schema,1,70,0.5,0.20367593715808002,0.55
LSH,SAKILA,OC_ORACLE,1) ser_schema,2,140,0.5714285714285714,0.17481359717363487,0.6
LSH,SAKILA,OC_ORACLE,1) ser_schema,3,210,0.8571428571428571,0.12347767511629688,0.7166666666666666
LSH,SAKILA,OC_ORACLE,1) ser_schema,5,350,0.9285714285714286,0.11368122235283538,0.7416666666666666
LSH,SAKILA,OC_ORACLE,1) ser_schema,10,700,1.0,0.10542016249117095,0.7583333333333333
LSH,SAKILA,OC_ORACLE,1) ser_schema,20,1400,1.0,0.10540476962582938,0.7583333333333333
LSH,SAKILA,OC_ORACLE,2) ser_values,1,70,0.5,0.19575309798716228,0.575
LSH,SAKILA,OC_ORACLE,2) ser_values,2,140,0.75,0.13143186489876424,0.7125
LSH,SAKILA,OC_ORACLE,2) ser_values,3,210,0.8571428571428571,0.11786161592749012,0.7625
LSH,SAKILA,OC_ORACLE,2) ser_values,5,350,1.0,0.10091752325832744,0.8125
LSH,SAKILA,OC_ORACLE,2) ser_values,10,700,1.0,0.10041952921426044,0.8125
LSH,SAKILA,OC_ORACLE,2) ser_values,20,1400,1.0,0.10038337679423262,0.8125
LSH,SAKILA,OC_ORACLE,4) ser_reference,1,70,0.39285714285714285,0.16663979959434505,0.45
LSH,SAKILA,OC_ORACLE,4) ser_reference,2,140,0.6428571428571429,0.10601473196298654,0.6
LSH,SAKILA,OC_ORACLE,4) ser_reference,3,210,0.7142857142857143,0.09585447456685525,0.6333333333333333
LSH,SAKILA,OC_ORACLE,4) ser_reference,5,350,1.0,0.06949825865515143,0.7158333333333333
LSH,SAKILA,OC_ORACLE,4) ser_reference,10,700,1.0,0.06892974841110291,0.7158333333333333
LSH,SAKILA,OC_ORACLE,4) ser_reference,20,1400,1.0,0.06883784042499018,0.7158333333333333
LSH,OC_ORACLE,OC_MYSQL,3) ser_magneto,1,43,0.4444444444444444,0.1303773008807972,0.5714285714285714
LSH,OC_ORACLE,OC_MYSQL,3) ser_magneto,2,86,0.5555555555555556,0.09667955300231124,0.623015873015873
LSH,OC_ORACLE,OC_MYSQL,3) ser_magneto,3,129,0.6666666666666666,0.0827619899336654,0.6521164021164022
LSH,OC_ORACLE,OC_MYSQL,3) ser_magneto,5,215,0.7407407407407407,0.07502492895579553,0.6735449735449736
LSH,OC_ORACLE,OC_MYSQL,3) ser_magneto,10,430,0.8518518518518519,0.06659940896888643,0.6880007558578988
LSH,OC_ORACLE,OC_MYSQL,3) ser_magneto,20,860,0.9629629629629629,0.059318339594564826,0.6963176791184311
LSH,OC_ORACLE,OC_MYSQL,1) ser_schema,1,43,0.48148148148148145,0.23346069465978966,0.6190476190476191
LSH,OC_ORACLE,OC_MYSQL,1) ser_schema,2,86,0.5925925925925926,0.18967818969028333,0.6785714285714286
LSH,OC_ORACLE,OC_MYSQL,1) ser_schema,3,129,0.7407407407407407,0.15296276057629846,0.7288359788359788
LSH,OC_ORACLE,OC_MYSQL,1) ser_schema,5,215,0.8148148148148148,0.1389695381945413,0.7439153439153439
LSH,OC_ORACLE,OC_MYSQL,1) ser_schema,10,430,0.8888888888888888,0.12739424137192176,0.7500661375661375
LSH,OC_ORACLE,OC_MYSQL,1) ser_schema,20,860,0.9629629629629629,0.1180213307026888,0.7565145502645502
LSH,OC_ORACLE,OC_MYSQL,2) ser_values,1,43,0.5185185185185185,0.19627810149092578,0.6428571428571429
LSH,OC_ORACLE,OC_MYSQL,2) ser_values,2,86,0.6296296296296297,0.16329818613100347,0.6944444444444444
LSH,OC_ORACLE,OC_MYSQL,2) ser_values,3,129,0.7037037037037037,0.14480268045279193,0.7156084656084656
LSH,OC_ORACLE,OC_MYSQL,2) ser_values,5,215,0.7777777777777778,0.1311689526837713,0.737037037037037
LSH,OC_ORACLE,OC_MYSQL,2) ser_values,10,430,0.8518518518518519,0.11998870128470494,0.7441798941798942
LSH,OC_ORACLE,OC_MYSQL,2) ser_values,20,860,1.0,0.10271270515916393,0.7573005698005698
LSH,OC_ORACLE,OC_MYSQL,4) ser_reference,1,43,0.48148148148148145,0.21277088780578937,0.5793650793650793
LSH,OC_ORACLE,OC_MYSQL,4) ser_reference,2,86,0.6296296296296297,0.168061381088361,0.6468253968253969
LSH,OC_ORACLE,OC_MYSQL,4) ser_reference,3,129,0.7407407407407407,0.1468462512595364,0.6865079365079365
LSH,OC_ORACLE,OC_MYSQL,4) ser_reference,5,215,0.8148148148148148,0.13235763557620864,0.7039682539682539
LSH,OC_ORACLE,OC_MYSQL,4) ser_reference,10,430,0.8888888888888888,0.12109224492906047,0.7175736961451248
LSH,OC_ORACLE,OC_MYSQL,4) ser_reference,20,860,1.0,0.10779418584963037,0.7282519068233354
LSH,TPCH_SF1,OC_MYSQL,3) ser_magneto,1,61,0.36666666666666664,0.2212536457239123,0.425
LSH,TPCH_SF1,OC_MYSQL,3) ser_magneto,2,122,0.5333333333333333,0.15153510713075863,0.5027777777777778
LSH,TPCH_SF1,OC_MYSQL,3) ser_magneto,3,183,0.6333333333333333,0.13052801928784166,0.5444444444444444
LSH,TPCH_SF1,OC_MYSQL,3) ser_magneto,5,305,0.7333333333333333,0.11280730403459281,0.5736111111111111
LSH,TPCH_SF1,OC_MYSQL,3) ser_magneto,10,610,0.9666666666666667,0.08691847700342313,0.6115343915343915
LSH,TPCH_SF1,OC_MYSQL,3) ser_magneto,20,1220,0.9666666666666667,0.08685523764745154,0.6115343915343915
LSH,TPCH_SF1,OC_MYSQL,1) ser_schema,1,61,0.5666666666666667,0.18236117827544682,0.6472222222222223
LSH,TPCH_SF1,OC_MYSQL,1) ser_schema,2,122,0.7,0.15275973702686682,0.7111111111111111
LSH,TPCH_SF1,OC_MYSQL,1) ser_schema,3,183,0.7666666666666667,0.14131583866767686,0.7388888888888889
LSH,TPCH_SF1,OC_MYSQL,1) ser_schema,5,305,0.9,0.12384683210155553,0.7726388888888889
LSH,TPCH_SF1,OC_MYSQL,1) ser_schema,10,610,1.0,0.11123892660660832,0.7869246031746032
LSH,TPCH_SF1,OC_MYSQL,1) ser_schema,20,1220,1.0,0.11102740936000918,0.7869246031746032
LSH,TPCH_SF1,OC_MYSQL,2) ser_values,1,61,0.5333333333333333,0.1834187680096253,0.6055555555555555
LSH,TPCH_SF1,OC_MYSQL,2) ser_values,2,122,0.6333333333333333,0.15284941830117527,0.6486111111111111
LSH,TPCH_SF1,OC_MYSQL,2) ser_values,3,183,0.7666666666666667,0.1265218862310786,0.6986111111111111
LSH,TPCH_SF1,OC_MYSQL,2) ser_values,5,305,0.8666666666666667,0.11342436346817622,0.7256944444444445
LSH,TPCH_SF1,OC_MYSQL,2) ser_values,10,610,0.9666666666666667,0.10159051274834849,0.7445436507936508
LSH,TPCH_SF1,OC_MYSQL,2) ser_values,20,1220,1.0,0.09829024617196387,0.747748778998779
LSH,TPCH_SF1,OC_MYSQL,4) ser_reference,1,61,0.4666666666666667,0.21333162208162207,0.5222222222222223
LSH,TPCH_SF1,OC_MYSQL,4) ser_reference,2,122,0.6666666666666666,0.14794085102981303,0.6347222222222222
LSH,TPCH_SF1,OC_MYSQL,4) ser_reference,3,183,0.7,0.13776116073067105,0.6430555555555556
LSH,TPCH_SF1,OC_MYSQL,4) ser_reference,5,305,0.8333333333333334,0.11617847884164163,0.6774999999999999
LSH,TPCH_SF1,OC_MYSQL,4) ser_reference,10,610,0.9333333333333333,0.10384980576844417,0.6946130952380952
LSH,TPCH_SF1,OC_MYSQL,4) ser_reference,20,1220,0.9666666666666667,0.10012722305998632,0.6975892857142857
LSH,SAKILA,OC_MYSQL,3) ser_magneto,1,70,0.4358974358974359,0.14370698005112348,0.45
LSH,SAKILA,OC_MYSQL,3) ser_magneto,2,140,0.717948717948718,0.09937499851440854,0.625
LSH,SAKILA,OC_MYSQL,3) ser_magneto,3,210,0.8205128205128205,0.08805930149625235,0.6638888888888889
LSH,SAKILA,OC_MYSQL,3) ser_magneto,5,350,0.8717948717948718,0.08286646175289998,0.6805555555555555
LSH,SAKILA,OC_MYSQL,3) ser_magneto,10,700,0.9743589743589743,0.07430935135253817,0.6984126984126984
LSH,SAKILA,OC_MYSQL,3) ser_magneto,20,1400,1.0,0.07236843026329429,0.7007936507936509
LSH,SAKILA,OC_MYSQL,1) ser_schema,1,70,0.4358974358974359,0.19252768731096903,0.4666666666666667
LSH,SAKILA,OC_MYSQL,1) ser_schema,2,140,0.6410256410256411,0.14040498830314815,0.6
LSH,SAKILA,OC_MYSQL,1) ser_schema,3,210,0.7692307692307693,0.11794538307731024,0.6499999999999999
LSH,SAKILA,OC_MYSQL,1) ser_schema,5,350,0.8717948717948718,0.10484729659840794,0.6741666666666666
LSH,SAKILA,OC_MYSQL,1) ser_schema,10,700,0.9743589743589743,0.09379162786012019,0.691984126984127
LSH,SAKILA,OC_MYSQL,1) ser_schema,20,1400,1.0,0.09124428459559568,0.6940674603174604
LSH,SAKILA,OC_MYSQL,2) ser_values,1,70,0.5128205128205128,0.16948632795652924,0.5666666666666667
LSH,SAKILA,OC_MYSQL,2) ser_values,2,140,0.717948717948718,0.127957635412007,0.6833333333333333
LSH,SAKILA,OC_MYSQL,2) ser_values,3,210,0.8205128205128205,0.11193878730832857,0.7277777777777777
LSH,SAKILA,OC_MYSQL,2) ser_values,5,350,0.8717948717948718,0.10499781145158361,0.738611111111111
LSH,SAKILA,OC_MYSQL,2) ser_values,10,700,0.9743589743589743,0.093792557988483,0.7558730158730158
LSH,SAKILA,OC_MYSQL,2) ser_values,20,1400,1.0,0.09142626373056478,0.7584371184371185
LSH,SAKILA,OC_MYSQL,4) ser_reference,1,70,0.4358974358974359,0.18627554466096713,0.45
LSH,SAKILA,OC_MYSQL,4) ser_reference,2,140,0.6153846153846154,0.13902285857983632,0.5666666666666667
LSH,SAKILA,OC_MYSQL,4) ser_reference,3,210,0.717948717948718,0.12172033814173246,0.611111111111111
LSH,SAKILA,OC_MYSQL,4) ser_reference,5,350,0.7948717948717948,0.10940099322663845,0.6319444444444444
LSH,SAKILA,OC_MYSQL,4) ser_reference,10,700,0.9230769230769231,0.09426028866347197,0.6535052910052911
LSH,SAKILA,OC_MYSQL,4) ser_reference,20,1400,1.0,0.08710449284893021,0.6615355940355941
LSH,OC_ORACLE,TPCH_SF1,3) ser_magneto,1,43,0.32,0.15064935064935064,0.34782608695652173
LSH,OC_ORACLE,TPCH_SF1,3) ser_magneto,2,86,0.44,0.12995906267645396,0.391304347826087
LSH,OC_ORACLE,TPCH_SF1,3) ser_magneto,3,129,0.52,0.11130289760097452,0.42028985507246375
LSH,OC_ORACLE,TPCH_SF1,3) ser_magneto,5,215,0.8,0.07643174422264923,0.49202898550724644
LSH,OC_ORACLE,TPCH_SF1,3) ser_magneto,10,430,0.96,0.06367813518737668,0.5151483781918565
LSH,OC_ORACLE,TPCH_SF1,3) ser_magneto,20,860,1.0,0.06114352616771997,0.5175638371290546
LSH,OC_ORACLE,TPCH_SF1,1) ser_schema,1,43,0.36,0.2939393939393939,0.3695652173913043
LSH,OC_ORACLE,TPCH_SF1,1) ser_schema,2,86,0.48,0.22465592681969002,0.42391304347826086
LSH,OC_ORACLE,TPCH_SF1,1) ser_schema,3,129,0.6,0.1810473182177396,0.4673913043478261
LSH,OC_ORACLE,TPCH_SF1,1) ser_schema,5,215,0.8,0.13679291895445525,0.5195652173913043
LSH,OC_ORACLE,TPCH_SF1,1) ser_schema,10,430,0.88,0.12421874379266186,0.5322463768115943
LSH,OC_ORACLE,TPCH_SF1,1) ser_schema,20,860,1.0,0.1094721712893298,0.5407237086584913
LSH,OC_ORACLE,TPCH_SF1,2) ser_values,1,43,0.36,0.26185388685388683,0.391304347826087
LSH,OC_ORACLE,TPCH_SF1,2) ser_values,2,86,0.48,0.20152894662489618,0.43478260869565216
LSH,OC_ORACLE,TPCH_SF1,2) ser_values,3,129,0.56,0.17180103569468835,0.46376811594202894
LSH,OC_ORACLE,TPCH_SF1,2) ser_values,5,215,0.72,0.1353861279234424,0.5028985507246376
LSH,OC_ORACLE,TPCH_SF1,2) ser_values,10,430,0.92,0.10656510381716477,0.5317460317460317
LSH,OC_ORACLE,TPCH_SF1,2) ser_values,20,860,1.0,0.09806124704898433,0.5370600414078676
LSH,OC_ORACLE,TPCH_SF1,4) ser_reference,1,43,0.32,0.2998015873015873,0.32608695652173914
LSH,OC_ORACLE,TPCH_SF1,4) ser_reference,2,86,0.56,0.1876920941552745,0.44565217391304346
LSH,OC_ORACLE,TPCH_SF1,4) ser_reference,3,129,0.6,0.17107793701154847,0.4601449275362318
LSH,OC_ORACLE,TPCH_SF1,4) ser_reference,5,215,0.68,0.1490057801249618,0.48188405797101447
LSH,OC_ORACLE,TPCH_SF1,4) ser_reference,10,430,0.84,0.12042746716977534,0.5074189095928225
LSH,OC_ORACLE,TPCH_SF1,4) ser_reference,20,860,0.92,0.10993082930918092,0.5139406487232573
LSH,OC_MYSQL,TPCH_SF1,3) ser_magneto,1,59,0.5,0.17154078809045967,0.5172413793103449
LSH,OC_MYSQL,TPCH_SF1,3) ser_magneto,2,118,0.6333333333333333,0.13182266122956196,0.5862068965517241
LSH,OC_MYSQL,TPCH_SF1,3) ser_magneto,3,177,0.7333333333333333,0.11521396887951346,0.6149425287356322
LSH,OC_MYSQL,TPCH_SF1,3) ser_magneto,5,295,0.9,0.09380903760865263,0.6580459770114943
LSH,OC_MYSQL,TPCH_SF1,3) ser_magneto,10,590,0.9666666666666667,0.0869016750509366,0.6695402298850575
LSH,OC_MYSQL,TPCH_SF1,3) ser_magneto,20,1180,1.0,0.08402287979802085,0.6718390804597701
LSH,OC_MYSQL,TPCH_SF1,1) ser_schema,1,59,0.6,0.18576098037482475,0.603448275862069
LSH,OC_MYSQL,TPCH_SF1,1) ser_schema,2,118,0.7,0.15793497165850473,0.6551724137931034
LSH,OC_MYSQL,TPCH_SF1,1) ser_schema,3,177,0.8,0.13839057094053223,0.6896551724137931
LSH,OC_MYSQL,TPCH_SF1,1) ser_schema,5,295,0.9,0.12349493721851233,0.7120689655172413
LSH,OC_MYSQL,TPCH_SF1,1) ser_schema,10,590,0.9333333333333333,0.11888426512343298,0.7169950738916255
LSH,OC_MYSQL,TPCH_SF1,1) ser_schema,20,1180,0.9666666666666667,0.11481042935535966,0.7201298701298701
LSH,OC_MYSQL,TPCH_SF1,2) ser_values,1,59,0.5333333333333333,0.18050669261338598,0.5517241379310345
LSH,OC_MYSQL,TPCH_SF1,2) ser_values,2,118,0.6666666666666666,0.1452141399014764,0.6206896551724138
LSH,OC_MYSQL,TPCH_SF1,2) ser_values,3,177,0.7666666666666667,0.12705527878693498,0.6551724137931033
LSH,OC_MYSQL,TPCH_SF1,2) ser_values,5,295,0.9,0.10905777525242762,0.6818965517241379
LSH,OC_MYSQL,TPCH_SF1,2) ser_values,10,590,0.9666666666666667,0.10164702148459727,0.6914750957854404
LSH,OC_MYSQL,TPCH_SF1,2) ser_values,20,1180,1.0,0.09827573992631737,0.6935034933513635
LSH,OC_MYSQL,TPCH_SF1,4) ser_reference,1,59,0.43333333333333335,0.21095824541820998,0.4482758620689655
LSH,OC_MYSQL,TPCH_SF1,4) ser_reference,2,118,0.7,0.13769432167947593,0.5862068965517241
LSH,OC_MYSQL,TPCH_SF1,4) ser_reference,3,177,0.8,0.12117041960584146,0.6206896551724138
LSH,OC_MYSQL,TPCH_SF1,4) ser_reference,5,295,0.8,0.12068838844082848,0.6206896551724138
LSH,OC_MYSQL,TPCH_SF1,4) ser_reference,10,590,0.8333333333333334,0.11587669776898726,0.6224137931034481
LSH,OC_MYSQL,TPCH_SF1,4) ser_reference,20,1180,0.9333333333333333,0.10364963759112768,0.630146290491118
LSH,SAKILA,TPCH_SF1,3) ser_magneto,1,70,0.35294117647058826,0.2217124837551667,0.3541666666666667
LSH,SAKILA,TPCH_SF1,3) ser_magneto,2,140,0.5588235294117647,0.15634997454047994,0.5
LSH,SAKILA,TPCH_SF1,3) ser_magneto,3,210,0.5882352941176471,0.14835539368715706,0.5138888888888888
LSH,SAKILA,TPCH_SF1,3) ser_magneto,5,350,0.8235294117647058,0.10747241598585679,0.5753472222222222
LSH,SAKILA,TPCH_SF1,3) ser_magneto,10,700,0.9411764705882353,0.09414679772714626,0.5980324074074074
LSH,SAKILA,TPCH_SF1,3) ser_magneto,20,1400,1.0,0.08863432937411497,0.6050254144004145
LSH,SAKILA,TPCH_SF1,1) ser_schema,1,70,0.4411764705882353,0.20158400795688927,0.5208333333333334
LSH,SAKILA,TPCH_SF1,1) ser_schema,2,140,0.6176470588235294,0.15254834752201435,0.6354166666666666
LSH,SAKILA,TPCH_SF1,1) ser_schema,3,210,0.7352941176470589,0.126584539416477,0.6701388888888888
LSH,SAKILA,TPCH_SF1,1) ser_schema,5,350,0.8529411764705882,0.10890476110444182,0.7045138888888888
LSH,SAKILA,TPCH_SF1,1) ser_schema,10,700,0.9411764705882353,0.09837558426102289,0.7197255291005291
LSH,SAKILA,TPCH_SF1,1) ser_schema,20,1400,1.0,0.0924535456660437,0.7250139906389906
LSH,SAKILA,TPCH_SF1,2) ser_values,1,70,0.4411764705882353,0.1969384349223059,0.5
LSH,SAKILA,TPCH_SF1,2) ser_values,2,140,0.6176470588235294,0.14563314755138485,0.625
LSH,SAKILA,TPCH_SF1,2) ser_values,3,210,0.7352941176470589,0.12189334288819348,0.6666666666666666
LSH,SAKILA,TPCH_SF1,2) ser_values,5,350,0.7941176470588235,0.11222207099866181,0.6822916666666666
LSH,SAKILA,TPCH_SF1,2) ser_values,10,700,0.9117647058823529,0.09780236333551515,0.7032903439153438
LSH,SAKILA,TPCH_SF1,2) ser_values,20,1400,0.9705882352941176,0.09188505755771739,0.7096823893698895
LSH,SAKILA,TPCH_SF1,4) ser_reference,1,70,0.2647058823529412,0.2415480512830743,0.2916666666666667
LSH,SAKILA,TPCH_SF1,4) ser_reference,2,140,0.5588235294117647,0.14697502494720166,0.46875
LSH,SAKILA,TPCH_SF1,4) ser_reference,3,210,0.6176470588235294,0.13214396191712552,0.49652777777777773
LSH,SAKILA,TPCH_SF1,4) ser_reference,5,350,0.7647058823529411,0.10758356147883807,0.5309027777777778
LSH,SAKILA,TPCH_SF1,4) ser_reference,10,700,0.8823529411764706,0.09312371182722763,0.5512731481481481
LSH,SAKILA,TPCH_SF1,4) ser_reference,20,1400,0.9411764705882353,0.08725469699816163,0.5565641534391533
LSH,OC_ORACLE,SAKILA,3) ser_magneto,1,43,0.25,0.2715201465201465,0.2843137254901961
LSH,OC_ORACLE,SAKILA,3) ser_magneto,2,86,0.4642857142857143,0.17041945269119635,0.4509803921568627
LSH,OC_ORACLE,SAKILA,3) ser_magneto,3,129,0.7142857142857143,0.11404815755577824,0.5588235294117647
LSH,OC_ORACLE,SAKILA,3) ser_magneto,5,215,0.8214285714285714,0.0991595115320584,0.5911764705882352
LSH,OC_ORACLE,SAKILA,3) ser_magneto,10,430,0.9285714285714286,0.08654877480002665,0.5853408029878618
LSH,OC_ORACLE,SAKILA,3) ser_magneto,20,860,1.0,0.08078738201656718,0.6330000580774575
LSH,OC_ORACLE,SAKILA,1) ser_schema,1,43,0.2857142857142857,0.3063956876456876,0.34313725490196084
LSH,OC_ORACLE,SAKILA,1) ser_schema,2,86,0.4642857142857143,0.21224295635413926,0.4509803921568627
LSH,OC_ORACLE,SAKILA,1) ser_schema,3,129,0.6071428571428571,0.16916293436939994,0.5098039215686274
LSH,OC_ORACLE,SAKILA,1) ser_schema,5,215,0.7857142857142857,0.133277035762338,0.5686274509803921
LSH,OC_ORACLE,SAKILA,1) ser_schema,10,430,0.9285714285714286,0.1133290873863945,0.6008870214752567
LSH,OC_ORACLE,SAKILA,1) ser_schema,20,860,1.0,0.10540610639841122,0.6115822086410322
LSH,OC_ORACLE,SAKILA,2) ser_values,1,43,0.2857142857142857,0.29757834757834756,0.34313725490196084
LSH,OC_ORACLE,SAKILA,2) ser_values,2,86,0.6071428571428571,0.16377951781282715,0.5686274509803921
LSH,OC_ORACLE,SAKILA,2) ser_values,3,129,0.6785714285714286,0.1469994580785048,0.5980392156862745
LSH,OC_ORACLE,SAKILA,2) ser_values,5,215,0.7857142857142857,0.12751426620081469,0.626470588235294
LSH,OC_ORACLE,SAKILA,2) ser_values,10,430,0.9642857142857143,0.10430562269665675,0.6612122626828509
LSH,OC_ORACLE,SAKILA,2) ser_values,20,860,1.0,0.10040951371439086,0.6644802365390601
LSH,OC_ORACLE,SAKILA,4) ser_reference,1,43,0.32142857142857145,0.1866133866133866,0.4019607843137255
LSH,OC_ORACLE,SAKILA,4) ser_reference,2,86,0.5,0.13716720996527657,0.5098039215686274
LSH,OC_ORACLE,SAKILA,4) ser_reference,3,129,0.6071428571428571,0.11297336690682525,0.5686274509803921
LSH,OC_ORACLE,SAKILA,4) ser_reference,5,215,0.6785714285714286,0.1003925595331319,0.5906862745098039
LSH,OC_ORACLE,SAKILA,4) ser_reference,10,430,0.8571428571428571,0.08009212001594357,0.6213935574229691
LSH,OC_ORACLE,SAKILA,4) ser_reference,20,860,1.0,0.06887883978111657,0.6359648761465371
LSH,OC_MYSQL,SAKILA,3) ser_magneto,1,59,0.46153846153846156,0.15348494286193784,0.46153846153846156
LSH,OC_MYSQL,SAKILA,3) ser_magneto,2,118,0.6153846153846154,0.11427104209027518,0.5384615384615384
LSH,OC_MYSQL,SAKILA,3) ser_magneto,3,177,0.7948717948717948,0.09198876075947127,0.5982905982905983
LSH,OC_MYSQL,SAKILA,3) ser_magneto,5,295,0.8717948717948718,0.08328570038837341,0.6162393162393162
LSH,OC_MYSQL,SAKILA,3) ser_magneto,10,590,0.9230769230769231,0.07817173999205632,0.623107448107448
LSH,OC_MYSQL,SAKILA,3) ser_magneto,20,1180,0.9743589743589743,0.07423250143914045,0.6275752025752025
LSH,OC_MYSQL,SAKILA,1) ser_schema,1,59,0.5641025641025641,0.16361301577210663,0.5641025641025641
LSH,OC_MYSQL,SAKILA,1) ser_schema,2,118,0.6410256410256411,0.1418466377796473,0.6025641025641025
LSH,OC_MYSQL,SAKILA,1) ser_schema,3,177,0.7692307692307693,0.11862175243064277,0.6452991452991453
LSH,OC_MYSQL,SAKILA,1) ser_schema,5,295,0.8461538461538461,0.1080365645955735,0.6645299145299146
LSH,OC_MYSQL,SAKILA,1) ser_schema,10,590,0.9230769230769231,0.09887449642961492,0.6756715506715507
LSH,OC_MYSQL,SAKILA,1) ser_schema,20,1180,0.9487179487179487,0.09610040511178682,0.6776439372593218
LSH,OC_MYSQL,SAKILA,2) ser_values,1,59,0.5641025641025641,0.16145405135974192,0.5641025641025641
LSH,OC_MYSQL,SAKILA,2) ser_values,2,118,0.717948717948718,0.1279648596926791,0.6410256410256411
LSH,OC_MYSQL,SAKILA,2) ser_values,3,177,0.8205128205128205,0.11197609348942318,0.6752136752136751
LSH,OC_MYSQL,SAKILA,2) ser_values,5,295,0.8717948717948718,0.10477005942279091,0.6854700854700854
LSH,OC_MYSQL,SAKILA,2) ser_values,10,590,0.9743589743589743,0.09389606935745495,0.6998168498168498
LSH,OC_MYSQL,SAKILA,2) ser_values,20,1180,0.9743589743589743,0.09379476913139932,0.6998168498168498
LSH,OC_MYSQL,SAKILA,4) ser_reference,1,59,0.5641025641025641,0.15363275626529213,0.5641025641025641
LSH,OC_MYSQL,SAKILA,4) ser_reference,2,118,0.717948717948718,0.12225959367834337,0.6410256410256411
LSH,OC_MYSQL,SAKILA,4) ser_reference,3,177,0.8717948717948718,0.1022572888017065,0.6923076923076923
LSH,OC_MYSQL,SAKILA,4) ser_reference,5,295,0.9230769230769231,0.09486315443043439,0.7038461538461539
LSH,OC_MYSQL,SAKILA,4) ser_reference,10,590,0.9743589743589743,0.0895558663912248,0.7123931623931623
LSH,OC_MYSQL,SAKILA,4) ser_reference,20,1180,1.0,0.08710074124050868,0.7143655489809335
LSH,TPCH_SF1,SAKILA,3) ser_magneto,1,61,0.3235294117647059,0.2613641409095954,0.376
LSH,TPCH_SF1,SAKILA,3) ser_magneto,2,122,0.4411764705882353,0.19202450988165273,0.42200000000000004
LSH,TPCH_SF1,SAKILA,3) ser_magneto,3,183,0.5588235294117647,0.15500251182751257,0.4646666666666667
LSH,TPCH_SF1,SAKILA,3) ser_magneto,5,305,0.6764705882352942,0.12953137978359036,0.49666666666666665
LSH,TPCH_SF1,SAKILA,3) ser_magneto,10,610,0.7941176470588235,0.11118614892453606,0.5166031746031746
LSH,TPCH_SF1,SAKILA,3) ser_magneto,20,1220,0.9411764705882353,0.09411713952688025,0.5312356532356532
LSH,TPCH_SF1,SAKILA,1) ser_schema,1,61,0.3235294117647059,0.2570026730313812,0.35600000000000004
LSH,TPCH_SF1,SAKILA,1) ser_schema,2,122,0.4411764705882353,0.20479848809081905,0.41200000000000003
LSH,TPCH_SF1,SAKILA,1) ser_schema,3,183,0.5588235294117647,0.16174880205998843,0.46
LSH,TPCH_SF1,SAKILA,1) ser_schema,5,305,0.6470588235294118,0.13963251237718893,0.48599999999999993
LSH,TPCH_SF1,SAKILA,1) ser_schema,10,610,0.7647058823529411,0.1200891415054571,0.5063809523809524
LSH,TPCH_SF1,SAKILA,1) ser_schema,20,1220,0.9705882352941176,0.09522995152689047,0.5277169847696164
LSH,TPCH_SF1,SAKILA,2) ser_values,1,61,0.2647058823529412,0.2981628453850676,0.308
LSH,TPCH_SF1,SAKILA,2) ser_values,2,122,0.4411764705882353,0.19171863010293794,0.41600000000000004
LSH,TPCH_SF1,SAKILA,2) ser_values,3,183,0.5882352941176471,0.14928548108628342,0.4666666666666666
LSH,TPCH_SF1,SAKILA,2) ser_values,5,305,0.6470588235294118,0.13618059430598548,0.4778666666666666
LSH,TPCH_SF1,SAKILA,2) ser_values,10,610,0.7647058823529411,0.11581535313492777,0.49939047619047616
LSH,TPCH_SF1,SAKILA,2) ser_values,20,1220,0.9705882352941176,0.09191679972135046,0.5204359307359308
LSH,TPCH_SF1,SAKILA,4) ser_reference,1,61,0.29411764705882354,0.2580891330891331,0.316
LSH,TPCH_SF1,SAKILA,4) ser_reference,2,122,0.4411764705882353,0.17680730677180978,0.40399999999999997
LSH,TPCH_SF1,SAKILA,4) ser_reference,3,183,0.5294117647058824,0.14940850349822132,0.444
LSH,TPCH_SF1,SAKILA,4) ser_reference,5,305,0.7352941176470589,0.11149843884036383,0.4964
LSH,TPCH_SF1,SAKILA,4) ser_reference,10,610,0.7941176470588235,0.10318929723297761,0.5039555555555555
LSH,TPCH_SF1,SAKILA,4) ser_reference,20,1220,0.9705882352941176,0.0846859935100658,0.5210478317004632
